slug,stone,design_name,designer,faceted_by,carat,size_mm,origin_en,treatment,clarity_note_en,title_jp,date,tags,image_order,process_image_order,video_url
montana-sapphire-0493ct-tessellation-12-f,,,,,,,,,,,,,,,
oregon-sunstone-0908ct-temple-ruin,,,,,,,,,,,,,,,
umba-sapphire-0517ct-cushion-in-a-square,,,,,,,,,,,,,,,
blue-sapphire-0280ct-cushion-in-a-square-v2,,,,,,,,,,,,,,,
pakistan-aquamarine-06ct-fiorello-80,,,,,,,,,,,,,,,
zircon-0718ct-bright-rose-modified-for-zircon,,,,,,,,,,,,,,,
zircon-1019ct-tessellation-20,,,,,,,,,,,,,,,
dragon-garnet-0626ct-maelstrom_authority,,,,,,,,,,,,,,,
dragon-garnet-0579ct-garnet-cushion,,,,,,,,,,,,,,,
color-change-sapphire-0411ct-french-cut,,,,,,,,,,,,,,,
montana-sapphire-0509ct-standard-round-brilliant-cut,,,,,,,,,,,,,,,
montana-sapphire-03ct-srb-sapphire,,,,,,,,,,,,,,,
montana-sapphire-02ct-srb-montana-sapphire,,,,,,,,,,,,,,,
pink-sapphire-0318ct-square-step-barion-v3,,,,,,,,,,,,,,,
oregonsunstone-0640ct-corky-st-clair,,,,,,,,,,,,,,,
montana-sapphire-03ct-srb-sapphire,,,,,,,,,,,,,,,