slug,date,title,summary,image_file
site-renewal-20251210,2025-12-10,公式サイトをリニューアルしました,ギャラリーも。,DSC_4769.jpg
note-open-20251211,2025-12-11,note の公開準備を進めて後悔したいと思ってるけど迷っていますどうしようかなだれかいいあいであない,記事の整形と導線の確認を進めています。（テスト用ダミーです）,DSC_4769.jpg
shipping-policy-20251209,2025-12-09,発送と梱包について,発送方法と梱包方針の案内ページを追加しました。（テスト用ダミーです）,NO_IMAGE
dummy-20260103-30,2026-01-03,ダミー：長いタイトルのテスト（折り返し・行間・高さの確認用）ダミー：長いタイトルのテスト,要約も長めにしてカードの高さが伸びた時の見た目を確認します。文章量が多い場合に日付とタイトルがどう収まるかの確認用です。,DSC_4769.jpg
dummy-20260103-29,2026-01-02,ダミー：要約なし（summary空欄）のテスト,,NO_IMAGE
dummy-20260103-28,2026-01-01,ダミー：通常タイトル,短い要約。,DSC_4769.jpg
dummy-20260103-27,2025-12-31,ダミー：画像なしカードのテスト,画像がない場合のカードの余白・高さ・整列の確認。,NO_IMAGE
dummy-20260103-26,2025-12-30,ダミー：通常タイトル,短い要約。,DSC_4769.jpg
dummy-20260103-25,2025-12-29,ダミー：要約なし（summary空欄）のテスト,,DSC_4769.jpg
dummy-20260103-24,2025-12-28,ダミー：通常タイトル,要約は2行くらいを想定した長さにします。折り返しの挙動確認用です。,NO_IMAGE
dummy-20260103-23,2025-12-27,ダミー：通常タイトル,短い要約。,DSC_4769.jpg
dummy-20260103-22,2025-12-26,ダミー：画像なしカードのテスト,画像なし（NO_IMAGE）でのサムネ領域の扱いを確認します。,NO_IMAGE
dummy-20260103-21,2025-12-25,ダミー：通常タイトル,短い要約。,DSC_4769.jpg
dummy-20260103-20,2025-12-24,ダミー：通常タイトル,要約は2行くらいを想定した長さにします。折り返しの挙動確認用です。,DSC_4769.jpg
dummy-20260103-19,2025-12-23,ダミー：要約なし（summary空欄）のテスト,,NO_IMAGE
dummy-20260103-18,2025-12-22,ダミー：通常タイトル,短い要約。,DSC_4769.jpg
dummy-20260103-17,2025-12-21,ダミー：画像なしカードのテスト,テキスト量が増えたときでも見た目が崩れないかを確認します。要約を少し長めにしています。,NO_IMAGE
dummy-20260103-16,2025-12-20,ダミー：通常タイトル,短い要約。,DSC_4769.jpg
dummy-20260103-15,2025-12-19,ダミー：通常タイトル,要約は2行くらいを想定した長さにします。折り返しの挙動確認用です。,DSC_4769.jpg
dummy-20260103-14,2025-12-18,ダミー：要約なし（summary空欄）のテスト,,DSC_4769.jpg
dummy-20260103-13,2025-12-17,ダミー：通常タイトル,短い要約。,NO_IMAGE
dummy-20260103-12,2025-12-16,ダミー：画像なしカードのテスト,画像がない時のレイアウト（サムネ枠の扱い）確認。,NO_IMAGE
dummy-20260103-11,2025-12-15,ダミー：通常タイトル,短い要約。,DSC_4769.jpg
dummy-20260103-10,2025-12-14,ダミー：通常タイトル,要約は2行くらいを想定した長さにします。折り返しの挙動確認用です。,DSC_4769.jpg
dummy-20260103-09,2025-12-13,ダミー：要約なし（summary空欄）のテスト,,NO_IMAGE
dummy-20260103-08,2025-12-12,ダミー：通常タイトル,短い要約。,DSC_4769.jpg
dummy-20260103-07,2025-12-08,ダミー：画像なしカードのテスト,要約が少し長い場合の見た目確認。カード高さと揃い方の確認用です。,NO_IMAGE
dummy-20260103-06,2025-12-07,ダミー：通常タイトル,短い要約。,DSC_4769.jpg
dummy-20260103-05,2025-12-06,ダミー：通常タイトル,要約は2行くらいを想定した長さにします。折り返しの挙動確認用です。,DSC_4769.jpg
dummy-20260103-04,2025-12-05,ダミー：要約なし（summary空欄）のテスト,,DSC_4769.jpg
dummy-20260103-03,2025-12-04,ダミー：通常タイトル,短い要約。,NO_IMAGE
dummy-20260103-02,2025-12-03,ダミー：画像なしカードのテスト,画像なし（NO_IMAGE）パターンの確認。,NO_IMAGE
dummy-20260103-01,2025-12-02,ダミー：通常タイトル,短い要約。,DSC_4769.jpg
dummy-20260103-69,2025-12-01,ダミー：通常タイトル,短い要約。,DSC_4769.jpg
dummy-20260103-68,2025-11-30,ダミー：画像なしカードのテスト,NO_IMAGE時のレイアウト確認。,NO_IMAGE
dummy-20260103-67,2025-11-29,ダミー：要約なしテスト,,DSC_4769.jpg
dummy-20260103-66,2025-11-28,ダミー：通常タイトル,短い要約。,DSC_4769.jpg
dummy-20260103-65,2025-11-27,ダミー：通常タイトル,やや長めの要約。カードの高さと揃い方を確認します。,NO_IMAGE
dummy-20260103-64,2025-11-26,ダミー：画像なしカードのテスト,画像なしパターン確認。,NO_IMAGE
dummy-20260103-63,2025-11-25,ダミー：通常タイトル,短い要約。,DSC_4769.jpg
dummy-20260103-62,2025-11-24,ダミー：要約なしテスト,,DSC_4769.jpg
dummy-20260103-61,2025-11-23,ダミー：通常タイトル,やや長めの要約。折り返し確認用。折り返し確認用。,DSC_4769.jpg
dummy-20260103-60,2025-11-22,ダミー：画像なしカードのテスト,カード下端とpager間の余白確認。,NO_IMAGE
dummy-20260103-59,2025-11-21,ダミー：通常タイトル,短い要約。,DSC_4769.jpg
dummy-20260103-58,2025-11-20,ダミー：通常タイトル,短い要約。,DSC_4769.jpg
dummy-20260103-57,2025-11-19,ダミー：要約なしテスト,,NO_IMAGE
dummy-20260103-56,2025-11-18,ダミー：画像なしカードのテスト,画像がない場合の高さ確認。,NO_IMAGE
dummy-20260103-55,2025-11-17,ダミー：通常タイトル,短い要約。,DSC_4769.jpg
dummy-20260103-54,2025-11-16,ダミー：通常タイトル,やや長めの要約。行間の確認用です。,DSC_4769.jpg
dummy-20260103-53,2025-11-15,ダミー：要約なしテスト,,DSC_4769.jpg
dummy-20260103-52,2025-11-14,ダミー：画像なしカードのテスト,サムネなし時の整列確認。,NO_IMAGE
dummy-20260103-51,2025-11-13,ダミー：通常タイトル,短い要約。,DSC_4769.jpg
dummy-20260103-50,2025-11-12,ダミー：通常タイトル,短い要約。,DSC_4769.jpg
dummy-20260103-49,2025-11-11,ダミー：要約なしテスト,,NO_IMAGE
dummy-20260103-48,2025-11-10,ダミー：画像なしカードのテスト,画像なし＋要約あり確認。,NO_IMAGE
dummy-20260103-47,2025-11-09,ダミー：通常タイトル,短い要約。,DSC_4769.jpg
dummy-20260103-46,2025-11-08,ダミー：通常タイトル,やや長めの要約。カード高さ確認用。,DSC_4769.jpg
dummy-20260103-45,2025-11-07,ダミー：要約なしテスト,,DSC_4769.jpg
dummy-20260103-44,2025-11-06,ダミー：画像なしカードのテスト,最終ページ直前の見た目確認。,NO_IMAGE
dummy-20260103-43,2025-11-05,ダミー：通常タイトル,短い要約。,DSC_4769.jpg
dummy-20260103-42,2025-11-04,ダミー：通常タイトル,短い要約。,DSC_4769.jpg
dummy-20260103-41,2025-11-03,ダミー：要約なしテスト,,NO_IMAGE
dummy-20260103-40,2025-11-02,ダミー：画像なしカードのテスト,NO_IMAGE時の整列確認。,NO_IMAGE
dummy-20260103-39,2025-11-01,ダミー：通常タイトル,短い要約。,DSC_4769.jpg
dummy-20260103-38,2025-10-31,ダミー：通常タイトル,やや長めの要約。行数確認。,DSC_4769.jpg
dummy-20260103-37,2025-10-30,ダミー：要約なしテスト,,DSC_4769.jpg
dummy-20260103-36,2025-10-29,ダミー：画像なしカードのテスト,3ページ目先頭付近の確認。,NO_IMAGE
dummy-20260103-35,2025-10-28,ダミー：通常タイトル,短い要約。,DSC_4769.jpg
dummy-20260103-34,2025-10-27,ダミー：通常タイトル,短い要約。,DSC_4769.jpg
dummy-20260103-33,2025-10-26,ダミー：要約なしテスト,,NO_IMAGE
dummy-20260103-32,2025-10-25,ダミー：画像なしカードのテスト,ページャー直前の余白確認。,NO_IMAGE
dummy-20260103-31,2025-10-24,ダミー：通常タイトル,短い要約。,DSC_4769.jpg